taxon	lineage	SH-alrt	UFbootstrap	lineages_version	status	note
B004578_bwa_30X	None	0	0	2020-05-19	fail	N_content:0.98
B012421_bwa_30X	None	0	0	2020-05-19	fail	N_content:1.0
B018811_bwa_30X	None	0	0	2020-05-19	fail	N_content:0.85
B028602_bwa_30X	None	0	0	2020-05-19	fail	N_content:1.0
B028645_bwa_30X	None	0	0	2020-05-19	fail	N_content:1.0
B032506_bwa_30X	None	0	0	2020-05-19	fail	N_content:0.91
D004572_bwa_30X	None	0	0	2020-05-19	fail	N_content:1.0
D004590_bwa_30X	None	0	0	2020-05-19	fail	N_content:0.7
E01825_bwa_30X	None	0	0	2020-05-19	fail	N_content:1.0
E018826_bwa_30X	None	0	0	2020-05-19	fail	N_content:1.0
E018893_bwa_30X	None	0	0	2020-05-19	fail	N_content:0.97
E018995_bwa_30X	None	0	0	2020-05-19	fail	N_content:1.0
E018997_bwa_30X	None	0	0	2020-05-19	fail	N_content:1.0
EQA01_bwa_30X	None	0	0	2020-05-19	fail	N_content:1.0
EQA02_bwa_30X	None	0	0	2020-05-19	fail	N_content:1.0
EQA03_bwa_30X	None	0	0	2020-05-19	fail	N_content:1.0
EQA04_bwa_30X	None	0	0	2020-05-19	fail	N_content:1.0
EQA05_bwa_30X	None	0	0	2020-05-19	fail	N_content:1.0
